datetime,count
2025-04-26T19:27:15,0
2025-04-26T19:58:02,0
2025-04-27T06:01:00,0
2025-04-27T06:31:49,0
2025-04-27T07:02:35,0
2025-04-27T07:33:21,0
2025-04-27T08:04:07,0
2025-04-27T08:34:53,0
2025-04-27T09:05:39,0
2025-04-27T09:36:24,0
2025-04-27T10:07:10,0
2025-04-27T10:37:55,0
2025-04-27T11:08:41,0
2025-04-27T11:39:26,0
2025-04-27T12:10:11,0
2025-04-27T12:40:56,0
2025-04-27T13:11:41,0
2025-04-27T13:42:26,0
2025-04-27T14:13:12,0
2025-04-27T14:43:57,0
2025-04-27T15:14:42,0
2025-04-27T15:45:27,0
2025-04-27T16:16:13,0
2025-04-27T16:46:58,0
2025-04-27T17:17:43,0
2025-04-27T17:48:28,0
2025-04-27T18:19:14,0
2025-04-27T18:50:00,0
2025-04-27T19:20:45,0
2025-04-27T19:51:31,0
2025-04-28T06:01:00,0
2025-04-28T06:31:46,0
2025-04-28T07:02:32,0
2025-04-28T07:33:18,0
2025-04-28T08:04:04,0
2025-04-28T08:34:50,0
2025-04-28T09:05:35,0
2025-04-28T09:36:20,0
2025-04-28T10:07:05,0
2025-04-28T10:37:50,0
2025-04-28T11:08:36,0
2025-04-28T11:39:21,0
2025-04-28T12:10:10,0
2025-04-28T12:40:59,0
2025-04-28T13:11:45,0
2025-04-28T13:42:31,0
2025-04-28T14:13:20,0
2025-04-28T14:44:06,0
2025-04-28T15:14:51,0
2025-04-28T15:45:36,0
2025-04-28T16:16:22,0
2025-04-28T16:47:07,0
2025-04-28T17:17:52,0
2025-04-28T17:48:38,0
2025-04-28T18:19:23,0
2025-04-28T18:50:08,0
2025-04-28T19:20:54,0
2025-04-28T19:51:40,0
2025-04-29T06:00:59,0
2025-04-29T06:31:45,0
2025-04-29T07:02:31,0
2025-04-29T07:33:16,0
2025-04-29T08:04:02,0
2025-04-29T08:34:47,0
2025-04-29T09:05:33,0
2025-04-29T09:36:18,0
2025-04-29T10:07:04,0
2025-04-29T10:37:49,0
2025-04-29T11:08:35,0
2025-04-29T11:39:21,0
2025-04-29T12:10:06,0
2025-04-29T12:40:52,0
2025-04-29T13:11:37,0
2025-04-29T13:42:22,0
2025-04-29T14:13:08,0
2025-04-29T14:43:53,0
2025-04-29T15:14:38,0
2025-04-29T15:45:24,0
2025-04-29T16:16:09,0
2025-04-29T16:46:54,0
2025-04-29T17:17:41,0
2025-04-29T17:48:26,0
2025-04-29T18:19:12,0
2025-04-29T18:49:57,0
2025-04-29T19:20:43,0
2025-04-29T19:51:29,0
2025-04-30T06:01:01,0
2025-04-30T06:31:47,0
2025-04-30T07:02:33,0
2025-04-30T07:33:19,0
2025-04-30T08:04:05,0
2025-04-30T08:34:51,0
2025-04-30T09:05:37,0
2025-04-30T09:36:22,0
2025-04-30T10:07:08,0
2025-04-30T10:37:53,0
2025-04-30T11:08:39,0
2025-04-30T11:39:25,0
2025-04-30T12:10:11,0
2025-04-30T12:40:56,0
2025-04-30T13:11:42,0
2025-04-30T13:42:28,0
2025-04-30T14:13:13,0
2025-04-30T14:43:58,0
2025-04-30T15:14:43,0
2025-04-30T15:45:29,0
2025-04-30T16:16:14,0
2025-04-30T16:46:59,0
2025-04-30T17:17:45,0
2025-04-30T17:48:31,0
2025-04-30T18:19:16,0
2025-04-30T18:50:02,0
2025-04-30T19:20:47,0
2025-04-30T19:51:34,0
2025-05-01T06:01:02,0
2025-05-01T06:31:48,0
2025-05-01T07:02:35,0
2025-05-01T07:33:21,0
2025-05-01T08:04:07,0
2025-05-01T08:34:52,0
2025-05-01T09:05:38,0
2025-05-01T09:36:23,0
2025-05-01T10:07:09,0
2025-05-01T10:37:54,0
2025-05-01T11:08:39,0
2025-05-01T11:39:25,0
2025-05-01T12:10:10,0
2025-05-01T12:40:55,0
2025-05-01T13:11:41,0
2025-05-01T13:42:26,0
2025-05-01T14:13:12,0
2025-05-01T14:44:00,0
2025-05-01T15:14:47,0
2025-05-01T15:45:32,0
2025-05-01T16:16:18,0
2025-05-01T16:47:03,0
2025-05-01T17:17:49,0
2025-05-01T17:48:34,0
2025-05-01T18:19:21,0
2025-05-01T18:50:07,0
2025-05-01T19:20:52,0
2025-05-01T19:51:38,0
2025-05-02T06:01:02,0
2025-05-02T06:31:48,0
2025-05-02T07:02:33,0
2025-05-02T07:33:18,0
2025-05-02T08:04:03,0
2025-05-02T08:34:49,0
2025-05-02T09:05:34,0
2025-05-02T09:36:20,0
2025-05-02T10:07:05,0
2025-05-02T10:37:50,0
2025-05-02T11:08:35,0
2025-05-02T11:39:23,0
2025-05-02T12:10:10,0
2025-05-02T12:40:55,0
2025-05-02T13:11:40,0
2025-05-02T13:42:27,0
2025-05-02T14:13:17,0
2025-05-02T14:44:04,0
2025-05-02T15:14:52,0
2025-05-02T15:45:37,0
2025-05-02T16:16:27,0
2025-05-02T16:47:12,0
2025-05-02T17:17:58,0
2025-05-02T17:48:43,0
2025-05-02T18:19:29,0
2025-05-02T18:50:15,0
2025-05-02T19:21:00,0
2025-05-02T19:51:46,0
2025-05-03T06:01:04,0
2025-05-03T06:31:50,0
2025-05-03T07:02:35,0
2025-05-03T07:33:20,0
2025-05-03T08:04:06,0
2025-05-03T08:34:51,0
2025-05-03T09:05:37,0
2025-05-03T09:36:22,0
2025-05-03T10:07:08,0
2025-05-03T10:37:53,0
2025-05-03T11:08:39,0
2025-05-03T11:39:24,0
2025-05-03T12:10:09,0
2025-05-03T12:40:56,0
2025-05-03T13:11:41,0
2025-05-03T13:42:27,0
2025-05-03T14:13:12,0
2025-05-03T14:43:57,0
2025-05-03T15:14:42,0
2025-05-03T15:45:27,0
2025-05-03T16:16:12,0
2025-05-03T16:46:58,0
2025-05-03T17:17:43,0
2025-05-03T17:48:28,0
2025-05-03T18:19:14,0
2025-05-03T18:49:59,0
2025-05-03T19:20:45,0
2025-05-03T19:51:31,0
2025-05-04T06:01:03,0
2025-05-04T06:31:49,0
2025-05-04T07:02:35,0
2025-05-04T07:33:20,0
2025-05-04T08:04:06,0
2025-05-04T08:34:53,0
2025-05-04T09:05:40,0
2025-05-04T09:36:25,1
2025-05-04T10:07:11,0
2025-05-04T10:37:56,1
2025-05-04T11:08:42,1
2025-05-04T11:39:27,0
2025-05-04T12:10:12,0
2025-05-04T12:40:58,0
2025-05-04T13:11:45,0
2025-05-04T13:42:31,0
2025-05-04T14:13:16,0
2025-05-04T14:44:01,0
2025-05-04T15:14:49,0
2025-05-04T15:45:34,0
2025-05-04T16:16:19,0
2025-05-04T16:47:05,0
2025-05-04T17:17:50,0
2025-05-04T17:48:37,0
2025-05-04T18:19:22,0
2025-05-04T18:50:08,1
2025-05-04T19:20:54,0
2025-05-04T19:51:39,0
2025-05-05T06:01:06,0
2025-05-05T06:31:52,0
2025-05-05T07:02:38,0
2025-05-05T07:33:23,0
2025-05-05T08:04:09,0
2025-05-05T08:34:54,1
2025-05-05T09:05:40,0
2025-05-05T09:36:26,0
2025-05-05T10:07:11,0
2025-05-05T10:37:56,0
2025-05-05T11:08:41,0
2025-05-05T11:39:26,0
2025-05-05T12:10:13,0
2025-05-05T12:41:01,0
2025-05-05T13:11:50,0
2025-05-05T13:42:36,0
2025-05-05T14:13:21,0
2025-05-05T14:44:10,0
2025-05-05T15:14:55,0
2025-05-05T15:45:42,0
2025-05-05T16:16:27,0
2025-05-05T16:47:13,0
2025-05-05T17:17:58,0
2025-05-05T17:48:43,0
2025-05-05T18:19:28,0
2025-05-05T18:50:14,0
2025-05-05T19:20:59,0
2025-05-05T19:51:45,0
2025-05-06T06:01:07,0
2025-05-06T06:31:53,0
2025-05-06T07:02:38,0
2025-05-06T07:33:25,0
2025-05-06T08:04:11,0
2025-05-06T08:35:01,0
2025-05-06T09:05:49,0
2025-05-06T09:36:34,0
2025-05-06T10:07:21,0
2025-05-06T10:38:08,0
2025-05-06T11:08:53,0
2025-05-06T11:39:38,0
2025-05-06T12:10:24,0
2025-05-06T12:41:10,0
2025-05-06T13:11:56,0
2025-05-06T13:42:43,0
2025-05-06T14:13:31,0
2025-05-06T14:44:17,0
2025-05-06T15:15:04,0
2025-05-06T15:45:54,0
2025-05-06T16:16:42,0
2025-05-06T16:47:27,0
2025-05-06T17:18:12,0
2025-05-06T17:48:57,0
2025-05-06T18:19:42,0
2025-05-06T18:50:29,0
2025-05-06T19:21:14,0
2025-05-06T19:52:00,0
2025-05-07T06:01:11,0
2025-05-07T06:31:57,0
2025-05-07T07:02:43,0
2025-05-07T07:33:30,0
2025-05-07T08:04:16,0
2025-05-07T08:35:02,0
2025-05-07T09:05:47,0
2025-05-07T09:36:33,0
2025-05-07T10:07:19,0
2025-05-07T10:38:06,0
2025-05-07T11:08:52,0
2025-05-07T11:39:39,0
2025-05-07T12:10:24,0
2025-05-07T12:41:09,0
2025-05-07T13:11:57,0
2025-05-07T13:42:43,0
2025-05-07T14:13:28,0
2025-05-07T14:44:13,0
2025-05-07T15:15:00,0
2025-05-07T15:45:45,0
2025-05-07T16:16:30,0
2025-05-07T16:47:15,0
2025-05-07T17:18:00,0
2025-05-07T17:48:45,0
2025-05-07T18:19:31,0
2025-05-07T18:50:16,0
2025-05-07T19:21:02,0
2025-05-07T19:51:48,0
2025-05-08T06:01:08,0
2025-05-08T06:31:54,0
2025-05-08T07:02:40,0
2025-05-08T07:33:26,0
2025-05-08T08:04:11,0
2025-05-08T08:34:57,0
2025-05-08T09:05:42,0
2025-05-08T09:36:28,0
2025-05-08T10:07:13,0
2025-05-08T10:38:00,0
2025-05-08T11:08:46,0
2025-05-08T11:39:35,0
2025-05-08T12:10:23,0
2025-05-08T12:41:09,0
2025-05-08T13:11:55,0
2025-05-08T13:42:42,1
2025-05-08T14:13:27,0
2025-05-08T14:44:14,0
2025-05-08T15:15:00,0
2025-05-08T15:45:45,0
2025-05-08T16:16:31,0
2025-05-08T16:47:16,0
2025-05-08T17:18:05,0
2025-05-08T17:48:50,0
2025-05-08T18:19:35,0
2025-05-08T18:50:23,0
2025-05-08T19:21:08,0
2025-05-08T19:51:54,0
2025-05-09T06:01:11,0
2025-05-09T06:31:57,0
2025-05-09T07:02:43,0
2025-05-09T07:33:29,0
2025-05-09T08:04:15,0
2025-05-09T08:35:02,0
2025-05-09T09:05:47,0
2025-05-09T09:36:33,0
2025-05-09T10:07:21,0
2025-05-09T10:38:08,0
2025-05-09T11:08:53,0
2025-05-09T11:39:39,0
2025-05-09T12:10:26,0
2025-05-09T12:41:13,0
2025-05-09T13:11:59,0
2025-05-09T13:42:46,0
2025-05-09T14:13:32,0
2025-05-09T14:44:17,0
2025-05-09T15:15:05,0
2025-05-09T15:45:50,0
2025-05-09T16:16:36,0
2025-05-09T16:47:22,0
2025-05-09T17:18:07,0
2025-05-09T17:48:52,0
2025-05-09T18:19:38,0
2025-05-09T18:50:23,0
2025-05-09T19:21:09,0
2025-05-09T19:51:54,0
2025-05-10T06:01:10,0
2025-05-10T06:31:56,0
2025-05-10T07:02:41,0
2025-05-10T07:33:26,0
2025-05-10T08:04:12,0
2025-05-10T08:35:00,0
2025-05-10T09:05:47,0
2025-05-10T09:36:35,0
2025-05-10T10:07:21,0
2025-05-10T10:38:07,0
2025-05-10T11:08:55,0
2025-05-10T11:39:42,0
2025-05-10T12:10:28,0
2025-05-10T12:41:16,0
2025-05-10T13:12:03,0
2025-05-10T13:42:49,0
2025-05-10T14:13:39,0
2025-05-10T14:44:26,0
2025-05-10T15:15:14,0
2025-05-10T15:46:01,0
2025-05-10T16:16:48,0
2025-05-10T16:47:38,0
2025-05-10T17:18:23,0
2025-05-10T17:49:08,0
2025-05-10T18:19:55,0
2025-05-10T18:50:41,0
2025-05-10T19:21:30,0
2025-05-10T19:52:16,0
2025-05-11T06:01:11,0
2025-05-11T06:31:57,0
2025-05-11T07:02:43,0
2025-05-11T07:33:29,0
2025-05-11T08:04:15,0
2025-05-11T08:35:02,0
2025-05-11T09:05:48,0
2025-05-11T09:36:35,0
2025-05-11T10:07:20,0
2025-05-11T10:38:06,0
2025-05-11T11:08:53,0
2025-05-11T11:39:38,0
2025-05-11T12:10:25,0
2025-05-11T12:41:11,0
2025-05-11T13:11:57,0
2025-05-11T13:42:42,0
2025-05-11T14:13:28,0
2025-05-11T14:44:14,0
2025-05-11T15:15:03,0
2025-05-11T15:45:50,0
2025-05-11T16:16:37,0
2025-05-11T16:47:22,0
2025-05-11T17:18:09,0
2025-05-11T17:48:56,0
2025-05-11T18:19:41,0
2025-05-11T18:50:27,0
2025-05-11T19:21:15,0
2025-05-11T19:52:02,0
2025-05-12T06:01:09,0
2025-05-12T06:31:55,0
2025-05-12T07:02:41,0
2025-05-12T07:33:27,0
2025-05-12T08:04:12,0
2025-05-12T08:34:59,0
2025-05-12T09:05:47,0
2025-05-12T09:36:34,0
2025-05-12T10:07:19,0
2025-05-12T10:38:08,0
2025-05-12T11:08:55,0
2025-05-12T11:39:40,0
2025-05-12T12:10:26,0
2025-05-12T12:41:11,0
2025-05-12T13:11:57,0
2025-05-12T13:42:49,0
2025-05-12T14:13:40,0
2025-05-12T14:44:29,0
2025-05-12T15:15:15,0
2025-05-12T15:46:00,0
2025-05-12T16:16:46,0
2025-05-12T16:47:35,0
2025-05-12T17:18:22,0
2025-05-12T17:49:09,0
2025-05-12T18:19:58,0
2025-05-12T18:50:43,0
2025-05-12T19:21:32,0
2025-05-12T19:52:18,0
2025-05-13T06:01:12,0
2025-05-13T06:31:58,0
2025-05-13T07:02:43,0
2025-05-13T07:33:29,0
2025-05-13T08:04:15,0
2025-05-13T08:35:00,0
2025-05-13T09:05:46,0
2025-05-13T09:36:31,0
2025-05-13T10:07:18,1
2025-05-13T10:38:05,1
2025-05-13T11:08:52,1
2025-05-13T11:39:38,1
2025-05-13T12:10:23,0
2025-05-13T12:41:09,1
2025-05-13T13:11:54,1
2025-05-13T13:42:41,1
2025-05-13T14:13:27,0
2025-05-13T14:44:14,0
2025-05-13T15:15:03,0
2025-05-13T15:45:57,0
2025-05-13T16:16:42,0
2025-05-13T16:47:27,0
2025-05-13T17:18:12,0
2025-05-13T17:48:58,0
2025-05-13T18:19:43,0
2025-05-13T18:50:31,1
2025-05-13T19:21:17,1
2025-05-13T19:52:05,1
2025-05-14T06:01:13,0
2025-05-14T06:31:59,0
2025-05-14T07:02:45,0
2025-05-14T07:33:30,0
2025-05-14T08:04:16,0
2025-05-14T08:35:02,0
2025-05-14T09:05:48,0
2025-05-14T09:36:33,0
2025-05-14T10:07:20,0
2025-05-14T10:38:07,0
2025-05-14T11:08:54,0
2025-05-14T11:39:40,0
2025-05-14T12:10:25,0
2025-05-14T12:41:11,0
2025-05-14T13:11:57,0
2025-05-14T13:42:44,0
2025-05-14T14:13:29,0
2025-05-14T14:44:16,0
2025-05-14T15:15:01,0
2025-05-14T15:45:47,0
2025-05-14T16:16:32,0
2025-05-14T16:47:19,0
2025-05-14T17:18:06,0
2025-05-14T17:48:52,0
2025-05-14T18:19:39,0
2025-05-14T18:50:25,0
2025-05-14T19:21:11,0
2025-05-14T19:51:57,0
2025-05-15T06:01:16,0
2025-05-15T06:32:02,0
2025-05-15T07:02:49,0
2025-05-15T07:33:35,0
2025-05-15T08:04:22,0
2025-05-15T08:35:11,0
2025-05-15T09:05:56,0
2025-05-15T09:36:44,0
2025-05-15T10:07:29,0
2025-05-15T10:38:16,0
2025-05-15T11:09:01,0
2025-05-15T11:39:51,0
2025-05-15T12:10:39,0
2025-05-15T12:41:27,0
2025-05-15T13:12:13,0
2025-05-15T13:42:58,0
2025-05-15T14:13:47,0
2025-05-15T14:44:32,0
2025-05-15T15:15:21,0
2025-05-15T15:46:08,0
2025-05-15T16:16:54,0
2025-05-15T16:47:46,0
2025-05-15T17:18:34,0
2025-05-15T17:49:23,0
2025-05-15T18:20:10,1
2025-05-15T18:50:58,0
2025-05-15T19:21:47,1
2025-05-15T19:52:34,0
2025-05-16T06:01:15,0
2025-05-16T06:32:01,0
2025-05-16T07:02:47,0
2025-05-16T07:33:33,1
2025-05-16T08:04:19,1
2025-05-16T08:35:07,0
2025-05-16T09:05:56,0
2025-05-16T09:36:45,0
2025-05-16T10:07:34,0
2025-05-16T10:38:20,0
2025-05-16T11:09:05,0
2025-05-16T11:39:52,0
2025-05-16T12:10:39,1
2025-05-16T12:41:29,0
2025-05-16T13:12:16,0
2025-05-16T13:43:01,0
2025-05-16T14:13:48,0
2025-05-16T14:44:38,0
2025-05-16T15:15:25,0
2025-05-16T15:46:10,0
2025-05-16T16:17:03,0
2025-05-16T16:47:48,0
2025-05-16T17:18:35,0
2025-05-16T17:49:22,0
2025-05-16T18:20:10,0
2025-05-16T18:50:56,1
2025-05-16T19:21:43,0
2025-05-16T19:52:31,0
2025-05-17T06:01:16,0
2025-05-17T06:32:02,0
2025-05-17T07:02:48,0
2025-05-17T07:33:34,0
2025-05-17T08:04:21,0
2025-05-17T08:35:07,0
2025-05-17T09:05:55,0
2025-05-17T09:36:43,0
2025-05-17T10:07:29,0
2025-05-17T10:38:17,0
2025-05-17T11:09:04,0
2025-05-17T11:39:49,0
2025-05-17T12:10:37,0
2025-05-17T12:41:22,0
2025-05-17T13:12:09,0
2025-05-17T13:42:58,1
2025-05-17T14:13:45,1
2025-05-17T14:44:31,0
2025-05-17T15:15:19,0
2025-05-17T15:46:15,1
2025-05-17T16:17:01,0
2025-05-17T16:47:46,0
2025-05-17T17:18:31,0
2025-05-17T17:49:18,1
2025-05-17T18:20:05,0
2025-05-17T18:50:54,1
2025-05-17T19:21:41,0
2025-05-17T19:52:29,0
2025-05-18T06:01:17,0
2025-05-18T06:32:03,0
2025-05-18T07:02:49,0
2025-05-18T07:33:35,0
2025-05-18T08:04:23,0
2025-05-18T08:35:11,0
2025-05-18T09:05:59,0
2025-05-18T09:36:49,0
2025-05-18T10:07:36,0
2025-05-18T10:38:22,0
2025-05-18T11:09:08,2
2025-05-18T11:39:56,0
2025-05-18T12:10:46,1
2025-05-18T12:41:33,1
2025-05-18T13:12:23,0
2025-05-18T13:43:12,1
2025-05-18T14:13:59,0
2025-05-18T14:44:51,0
2025-05-18T15:15:38,0
2025-05-18T15:46:28,0
2025-05-18T16:17:15,0
2025-05-18T16:48:01,0
2025-05-18T17:18:50,1
2025-05-18T17:49:35,0
2025-05-18T18:20:24,0
2025-05-18T18:51:10,0
2025-05-18T19:21:57,1
2025-05-18T19:52:45,2
2025-05-19T06:01:16,0
2025-05-19T06:32:02,0
2025-05-19T07:02:48,0
2025-05-19T07:33:35,0
2025-05-19T08:04:21,0
2025-05-19T08:35:07,0
2025-05-19T09:05:52,1
2025-05-19T09:36:41,0
2025-05-19T10:07:27,0
2025-05-19T10:38:13,1
2025-05-19T11:08:59,1
2025-05-19T11:39:47,0
2025-05-19T12:10:32,0
2025-05-19T12:41:19,0
2025-05-19T13:12:04,0
2025-05-19T13:42:49,0
2025-05-19T14:13:36,0
2025-05-19T14:44:23,0
2025-05-19T15:15:12,0
2025-05-19T15:45:57,0
2025-05-19T16:16:47,0
2025-05-19T16:47:36,0
2025-05-19T17:18:22,0
2025-05-19T17:49:07,0
2025-05-19T18:19:56,0
2025-05-19T18:50:42,0
2025-05-19T19:21:28,0
2025-05-19T19:52:15,0
2025-05-20T06:01:19,0
2025-05-20T06:32:07,0
2025-05-20T07:02:52,0
2025-05-20T07:33:38,0
2025-05-20T08:04:23,0
2025-05-20T08:35:09,0
2025-05-20T09:05:55,0
2025-05-20T09:36:42,0
2025-05-20T10:07:29,0
2025-05-20T10:38:17,0
2025-05-20T11:09:04,0
2025-05-20T11:39:50,0
2025-05-20T12:10:35,0
2025-05-20T12:41:21,0
2025-05-20T13:12:07,0
2025-05-20T13:42:59,0
2025-05-20T14:13:46,0
2025-05-20T14:44:34,0
2025-05-20T15:15:23,0
2025-05-20T15:46:08,0
2025-05-20T16:16:56,0
2025-05-20T16:47:44,0
2025-05-20T17:18:32,0
2025-05-20T17:49:22,0
2025-05-20T18:20:09,0
2025-05-20T18:50:54,0
2025-05-20T19:21:42,0
2025-05-20T19:52:27,0
2025-05-21T06:01:19,0
2025-05-21T06:32:07,0
2025-05-21T07:02:52,0
2025-05-21T07:33:38,0
2025-05-21T08:04:24,0
2025-05-21T08:35:10,0
2025-05-21T09:05:55,0
2025-05-21T09:36:43,0
2025-05-21T10:07:29,0
2025-05-21T10:38:14,1
2025-05-21T11:08:59,0
2025-05-21T11:39:45,0
2025-05-21T12:10:30,0
2025-05-21T12:41:17,1
2025-05-21T13:12:02,1
2025-05-21T13:42:48,1
2025-05-21T14:13:33,1
2025-05-21T14:44:20,1
2025-05-21T15:15:05,1
2025-05-21T15:45:54,1
2025-05-21T16:16:42,0
2025-05-21T16:47:28,1
2025-05-21T17:18:14,1
2025-05-21T17:49:00,0
2025-05-21T18:19:46,0
2025-05-21T18:50:33,0
2025-05-21T19:21:20,0
2025-05-21T19:52:08,0
2025-05-22T06:01:20,0
2025-05-22T06:32:06,0
2025-05-22T07:02:52,0
2025-05-22T07:33:37,0
2025-05-22T08:04:25,1
2025-05-22T08:35:11,0
2025-05-22T09:05:57,1
2025-05-22T09:36:44,0
2025-05-22T10:07:31,0
2025-05-22T10:38:20,0
2025-05-22T11:09:07,0
2025-05-22T11:39:54,1
2025-05-22T12:10:41,0
2025-05-22T12:41:30,1
2025-05-22T13:12:15,0
2025-05-22T13:43:07,0
2025-05-22T14:13:56,2
2025-05-22T14:44:45,0
2025-05-22T15:15:30,1
2025-05-22T15:46:17,1
2025-05-22T16:17:02,1
2025-05-22T16:47:49,1
2025-05-22T17:18:43,2
2025-05-22T17:49:29,1
2025-05-22T18:20:14,0
2025-05-22T18:51:03,1
2025-05-22T19:21:49,1
2025-05-22T19:52:36,0
2025-05-23T06:01:20,0
2025-05-23T06:32:06,0
2025-05-23T07:02:51,0
2025-05-23T07:33:36,0
2025-05-23T08:04:21,0
2025-05-23T08:35:10,0
2025-05-23T09:05:58,0
2025-05-23T09:36:46,0
2025-05-23T10:07:33,0
2025-05-23T10:38:19,1
2025-05-23T11:09:06,0
2025-05-23T11:39:58,0
2025-05-23T12:10:46,0
2025-05-23T12:41:32,0
2025-05-23T13:12:18,1
2025-05-23T13:43:04,0
2025-05-23T14:13:49,0
2025-05-23T14:44:39,1
2025-05-23T15:15:26,0
2025-05-23T15:46:16,0
2025-05-23T16:17:03,0
2025-05-23T16:47:48,0
2025-05-23T17:18:37,1
2025-05-23T17:49:25,1
2025-05-23T18:20:12,1
2025-05-23T18:50:59,1
2025-05-23T19:21:45,0
2025-05-23T19:52:32,1
2025-05-24T06:01:23,1
2025-05-24T06:32:09,0
2025-05-24T07:02:55,1
2025-05-24T07:33:41,0
2025-05-24T08:04:26,0
2025-05-24T08:35:12,1
2025-05-24T09:05:58,1
2025-05-24T09:36:44,1
2025-05-24T10:07:29,1
2025-05-24T10:38:14,2
2025-05-24T11:08:59,1
2025-05-24T11:39:44,1
2025-05-24T12:10:29,2
2025-05-24T12:41:15,0
2025-05-24T13:12:01,0
2025-05-24T13:42:46,0
2025-05-24T14:13:32,0
2025-05-24T14:44:17,0
2025-05-24T15:15:02,1
2025-05-24T15:45:50,0
2025-05-24T16:16:35,0
2025-05-24T16:47:20,1
2025-05-24T17:18:06,1
2025-05-24T17:48:52,1
2025-05-24T18:19:38,1
2025-05-24T18:50:25,0
2025-05-24T19:21:15,0
2025-05-24T19:52:01,0
2025-05-25T06:01:23,0
2025-05-25T06:32:10,0
2025-05-25T07:02:56,0
2025-05-25T07:33:42,0
2025-05-25T08:04:28,0
2025-05-25T08:35:14,0
2025-05-25T09:05:59,0
2025-05-25T09:36:45,1
2025-05-25T10:07:30,1
2025-05-25T10:38:16,1
2025-05-25T11:09:02,1
2025-05-25T11:39:49,1
2025-05-25T12:10:35,0
2025-05-25T12:41:20,1
2025-05-25T13:12:06,1
2025-05-25T13:42:51,0
2025-05-25T14:13:37,0
2025-05-25T14:44:22,0
2025-05-25T15:15:07,0
2025-05-25T15:45:53,0
2025-05-25T16:16:38,1
2025-05-25T16:47:23,0
2025-05-25T17:18:09,1
2025-05-25T17:48:54,0
2025-05-25T18:19:40,0
2025-05-25T18:50:25,0
2025-05-25T19:21:10,0
2025-05-25T19:51:56,0
2025-05-26T06:01:29,0
2025-05-26T06:32:16,0
2025-05-26T07:03:01,0
2025-05-26T07:33:47,0
2025-05-26T08:04:33,0
2025-05-26T08:35:19,0
2025-05-26T09:06:04,0
2025-05-26T09:36:51,1
2025-05-26T10:07:37,0
2025-05-26T10:38:22,0
2025-05-26T11:09:10,1
2025-05-26T11:39:59,0
2025-05-26T12:10:45,1
2025-05-26T12:41:33,0
2025-05-26T13:12:19,0
2025-05-26T13:43:04,0
2025-05-26T14:13:49,0
2025-05-26T14:44:36,0
2025-05-26T15:15:20,0
2025-05-26T15:46:06,0
2025-05-26T16:16:51,0
2025-05-26T16:47:36,0
2025-05-26T17:18:25,0
2025-05-26T17:49:12,0
2025-05-26T18:19:58,0
2025-05-26T18:50:43,0
2025-05-26T19:21:29,0
2025-05-26T19:52:17,0
2025-05-27T06:01:28,0
2025-05-27T06:32:14,0
2025-05-27T07:03:01,0
2025-05-27T07:33:48,0
2025-05-27T08:04:35,0
2025-05-27T08:35:21,0
2025-05-27T09:06:07,0
2025-05-27T09:36:52,0
2025-05-27T10:07:41,0
2025-05-27T10:38:28,0
2025-05-27T11:09:14,0
2025-05-27T11:39:59,0
2025-05-27T12:10:44,0
2025-05-27T12:41:30,0
2025-05-27T13:12:20,0
2025-05-27T13:43:07,0
2025-05-27T14:13:54,0
2025-05-27T14:44:40,0
2025-05-27T15:15:28,0
2025-05-27T15:46:21,0
2025-05-27T16:17:07,0
2025-05-27T16:47:55,0
2025-05-27T17:18:40,0
2025-05-27T17:49:27,0
2025-05-27T18:20:16,0
2025-05-27T18:51:01,0
2025-05-27T19:21:49,0
2025-05-27T19:52:37,0
2025-05-28T06:01:26,0
2025-05-28T06:32:12,0
2025-05-28T07:02:58,0
2025-05-28T07:33:45,0
2025-05-28T08:04:31,0
2025-05-28T08:35:16,0
2025-05-28T09:06:02,0
2025-05-28T09:36:47,0
2025-05-28T10:07:32,0
2025-05-28T10:38:18,0
2025-05-28T11:09:05,0
2025-05-28T11:39:54,0
2025-05-28T12:10:39,0
2025-05-28T12:41:26,0
2025-05-28T13:12:11,0
2025-05-28T13:43:03,0
2025-05-28T14:13:49,0
2025-05-28T14:44:36,0
2025-05-28T15:15:23,0
2025-05-28T15:46:14,1
2025-05-28T16:17:06,0
2025-05-28T16:47:55,0
2025-05-28T17:18:42,1
2025-05-28T17:49:28,0
2025-05-28T18:20:16,0
2025-05-28T18:51:07,0
2025-05-28T19:21:53,0
2025-05-28T19:52:39,0
2025-05-29T06:01:26,0
2025-05-29T06:32:12,0
2025-05-29T07:02:58,0
2025-05-29T07:33:45,0
2025-05-29T08:04:33,0
2025-05-29T08:35:20,0
2025-05-29T09:06:06,0
2025-05-29T09:36:51,0
2025-05-29T10:07:38,0
2025-05-29T10:38:23,0
2025-05-29T11:09:11,0
2025-05-29T11:39:58,0
2025-05-29T12:10:43,0
2025-05-29T12:41:29,0
2025-05-29T13:12:14,0
2025-05-29T13:43:00,0
2025-05-29T14:13:46,1
2025-05-29T14:44:32,0
2025-05-29T15:15:19,0
2025-05-29T15:46:08,0
2025-05-29T16:16:54,0
2025-05-29T16:47:39,0
2025-05-29T17:18:25,0
2025-05-29T17:49:12,0
2025-05-29T18:20:00,0
2025-05-29T18:50:46,0
2025-05-29T19:21:33,0
2025-05-29T19:52:18,0
2025-05-30T06:01:28,0
2025-05-30T06:32:13,0
2025-05-30T07:02:58,0
2025-05-30T07:33:43,0
2025-05-30T08:04:29,0
2025-05-30T08:35:18,0
2025-05-30T09:06:03,0
2025-05-30T09:36:51,0
2025-05-30T10:07:38,0
2025-05-30T10:38:26,0
2025-05-30T11:09:15,1
2025-05-30T11:40:00,0
2025-05-30T12:10:48,0
2025-05-30T12:41:34,0
2025-05-30T13:12:20,0
2025-05-30T13:43:05,0
2025-05-30T14:13:57,0
2025-05-30T14:44:44,0
2025-05-30T15:15:32,0
2025-05-30T15:46:18,0
2025-05-30T16:17:04,0
2025-05-30T16:47:54,0
2025-05-30T17:18:45,0
2025-05-30T17:49:34,0
2025-05-30T18:20:21,0
2025-05-30T18:51:07,0
2025-05-30T19:21:55,0
2025-05-30T19:52:41,0
2025-05-31T06:01:30,0
2025-05-31T06:32:15,0
2025-05-31T07:03:01,0
2025-05-31T07:33:46,0
2025-05-31T08:04:33,0
2025-05-31T08:35:24,0
2025-05-31T09:06:15,0
2025-05-31T09:37:00,0
2025-05-31T10:07:46,0
2025-05-31T10:38:32,0
2025-05-31T11:09:17,0
2025-05-31T11:40:02,0
2025-05-31T12:10:49,0
2025-05-31T12:41:34,0
2025-05-31T13:12:20,0
2025-05-31T13:43:06,0
2025-05-31T14:13:56,0
2025-05-31T14:44:43,0
2025-05-31T15:15:31,0
2025-05-31T15:46:19,0
2025-05-31T16:17:08,0
2025-05-31T16:47:54,0
2025-05-31T17:18:39,0
2025-05-31T17:49:25,0
2025-05-31T18:20:15,0
2025-05-31T18:51:08,0
2025-05-31T19:21:59,0
2025-05-31T19:52:46,0
2025-06-01T06:01:28,0
2025-06-01T06:32:13,0
2025-06-01T07:02:58,0
2025-06-01T07:33:45,0
2025-06-01T08:04:31,0
2025-06-01T08:35:22,0
2025-06-01T09:06:10,0
2025-06-01T09:36:58,0
2025-06-01T10:07:49,0
2025-06-01T10:38:39,0
2025-06-01T11:09:26,0
2025-06-01T11:40:16,0
2025-06-01T12:11:04,0
2025-06-01T12:41:55,0
2025-06-01T13:12:40,0
2025-06-01T13:43:29,0
2025-06-01T14:14:16,0
2025-06-01T14:45:01,0
2025-06-01T15:15:54,0
2025-06-01T15:46:41,0
2025-06-01T16:17:29,0
2025-06-01T16:48:19,0
2025-06-01T17:19:07,0
2025-06-01T17:49:55,1
2025-06-01T18:20:43,0
2025-06-01T18:51:37,0
2025-06-01T19:22:25,0
2025-06-01T19:53:13,0
2025-06-02T06:01:30,0
2025-06-02T06:32:15,0
2025-06-02T07:03:01,0
2025-06-02T07:33:46,0
2025-06-02T08:04:35,0
2025-06-02T08:35:23,0
2025-06-02T09:06:11,0
2025-06-02T09:37:02,0
2025-06-02T10:07:52,0
2025-06-02T10:38:41,0
2025-06-02T11:09:28,0
2025-06-02T11:40:14,1
2025-06-02T12:11:01,0
2025-06-02T12:41:53,0
2025-06-02T13:12:40,0
2025-06-02T13:43:26,0
2025-06-02T14:14:12,0
2025-06-02T14:45:00,0
2025-06-02T15:15:47,0
2025-06-02T15:46:36,0
2025-06-02T16:17:23,0
2025-06-02T16:48:12,0
2025-06-02T17:19:00,0
2025-06-02T17:49:50,0
2025-06-02T18:20:38,0
2025-06-02T18:51:31,0
2025-06-02T19:22:20,0
2025-06-02T19:53:07,0
2025-06-03T06:01:32,1
2025-06-03T06:32:19,1
2025-06-03T07:03:05,0
2025-06-03T07:33:50,0
2025-06-03T08:04:38,1
2025-06-03T08:35:24,0
2025-06-03T09:06:09,0
2025-06-03T09:37:00,0
2025-06-03T10:07:47,0
2025-06-03T10:38:32,0
2025-06-03T11:09:17,0
2025-06-03T11:40:02,0
2025-06-03T12:10:49,0
2025-06-03T12:41:35,0
2025-06-03T13:12:21,0
2025-06-03T13:43:10,0
2025-06-03T14:13:58,0
2025-06-03T14:44:46,0
2025-06-03T15:15:32,0
2025-06-03T15:46:19,0
2025-06-03T16:17:06,0
2025-06-03T16:47:56,0
2025-06-03T17:18:45,0
2025-06-03T17:49:31,0
2025-06-03T18:20:17,0
2025-06-03T18:51:03,0
2025-06-03T19:21:48,0
2025-06-03T19:52:35,0
2025-06-04T06:01:33,0
2025-06-04T06:32:20,0
2025-06-04T07:03:06,0
2025-06-04T07:33:54,0
2025-06-04T08:04:39,0
2025-06-04T08:35:27,0
2025-06-04T09:06:12,0
2025-06-04T09:37:02,0
2025-06-04T10:07:47,0
2025-06-04T10:38:32,0
2025-06-04T11:09:20,0
2025-06-04T11:40:05,0
2025-06-04T12:10:50,0
2025-06-04T12:41:36,0
2025-06-04T13:12:21,0
2025-06-04T13:43:10,0
2025-06-04T14:13:56,0
2025-06-04T14:44:44,0
2025-06-04T15:15:33,0
2025-06-04T15:46:20,0
2025-06-04T16:17:06,0
2025-06-04T16:47:53,0
2025-06-04T17:18:46,0
2025-06-04T17:49:32,0
2025-06-04T18:20:18,0
2025-06-04T18:51:05,0
2025-06-04T19:21:52,0
2025-06-04T19:52:38,0
2025-06-05T06:01:32,0
2025-06-05T06:32:19,1
2025-06-05T07:03:05,0
2025-06-05T07:33:51,0
2025-06-05T08:04:37,0
2025-06-05T08:35:25,0
2025-06-05T09:06:14,0
2025-06-05T09:36:59,0
2025-06-05T10:07:48,0
2025-06-05T10:38:34,0
2025-06-05T11:09:22,0
2025-06-05T11:40:09,0
2025-06-05T12:10:55,0
2025-06-05T12:41:40,0
2025-06-05T13:12:27,0
2025-06-05T13:43:13,0
2025-06-05T14:14:04,0
2025-06-05T14:44:51,0
2025-06-05T15:15:37,0
2025-06-05T15:46:22,0
2025-06-05T16:17:11,0
2025-06-05T16:47:56,0
2025-06-05T17:18:45,0
2025-06-05T17:49:34,0
2025-06-05T18:20:20,0
2025-06-05T18:51:05,0
2025-06-05T19:21:53,0
2025-06-05T19:52:39,0
2025-06-06T06:01:38,0
2025-06-06T06:32:24,0
2025-06-06T07:03:09,0
2025-06-06T07:33:54,0
2025-06-06T08:04:41,0
2025-06-06T08:35:27,0
2025-06-06T09:06:14,0
2025-06-06T09:37:00,0
2025-06-06T10:07:46,0
2025-06-06T10:38:31,0
2025-06-06T11:09:17,0
2025-06-06T11:40:03,0
2025-06-06T12:10:48,0
2025-06-06T12:41:35,0
2025-06-06T13:12:20,0
2025-06-06T13:43:06,0
2025-06-06T14:13:56,0
2025-06-06T14:44:43,0
2025-06-06T15:15:29,0
2025-06-07T06:01:37,0
2025-06-07T06:32:23,0
2025-06-07T07:03:10,0
2025-06-07T07:33:55,0
2025-06-07T08:04:42,0
2025-06-07T08:35:28,0
2025-06-07T09:06:15,0
2025-06-07T09:37:03,0
2025-06-07T10:07:48,0
2025-06-08T06:01:37,0
2025-06-08T06:32:23,0
2025-06-08T07:03:08,0
2025-06-08T07:33:53,0
2025-06-08T08:04:41,0
2025-06-08T08:35:28,0
2025-06-11T16:49:20,0
2025-06-11T17:20:10,0
2025-06-11T17:50:59,0
2025-06-11T18:21:46,0
2025-06-11T18:52:33,0
2025-06-11T19:23:19,0
2025-06-11T19:54:05,0
2025-06-12T06:01:39,0
2025-06-12T06:32:25,0
2025-06-12T07:03:11,0
2025-06-12T07:33:58,0
2025-06-12T08:04:44,0
2025-06-12T08:35:33,0
2025-06-12T09:06:20,0
2025-06-12T09:37:05,0
2025-06-12T10:07:51,0
2025-06-12T10:38:38,0
2025-06-12T11:09:24,0
2025-06-12T11:40:12,0
2025-06-12T12:10:57,0
2025-06-12T12:41:44,0
2025-06-12T13:12:29,0
2025-06-12T13:43:18,0
2025-06-12T14:14:03,0
2025-06-12T14:44:49,0
2025-06-12T15:15:36,0
2025-06-12T15:46:23,0
2025-06-12T16:17:10,0
2025-06-12T16:47:56,0
2025-06-12T17:18:43,0
2025-06-12T17:49:37,0
2025-06-12T18:20:23,0
2025-06-12T18:51:08,0
2025-06-12T19:21:57,0
2025-06-12T19:52:43,0
2025-06-13T06:01:40,0
2025-06-13T06:32:28,0
2025-06-13T07:03:14,0
2025-06-13T07:34:00,0
2025-06-13T08:04:46,0
2025-06-13T08:35:32,0
2025-06-13T09:06:20,0
2025-06-13T09:37:09,0
2025-06-13T10:07:54,0
2025-06-13T10:38:43,0
2025-06-13T11:09:29,0
2025-06-13T11:40:14,0
2025-06-13T12:11:01,0
2025-06-13T12:41:49,0
2025-06-13T13:12:38,0
2025-06-13T13:43:25,0
2025-06-13T14:14:10,0
2025-06-13T14:44:56,0
2025-06-13T15:15:43,0
2025-06-13T15:46:29,0
2025-06-13T16:17:16,0
2025-06-13T16:48:02,0
2025-06-13T17:18:51,0
2025-06-13T17:49:36,0
2025-06-13T18:20:25,0
2025-06-13T18:51:11,0
2025-06-13T19:21:58,0
2025-06-13T19:52:44,0
2025-06-14T06:01:40,0
2025-06-14T06:32:26,0
2025-06-14T07:03:11,0
2025-06-14T07:33:57,0
2025-06-14T08:04:46,0
2025-06-14T08:35:33,0
2025-06-14T09:06:21,0
2025-06-14T09:37:06,0
2025-06-14T10:07:52,0
2025-06-14T10:38:41,0
2025-06-14T11:09:29,0
2025-06-14T11:40:22,0
2025-06-14T12:11:09,0
2025-06-14T12:42:00,0
2025-06-14T13:12:51,0
2025-06-14T13:43:43,0
2025-06-14T14:14:33,0
2025-06-14T14:45:24,0
2025-06-14T15:16:19,0
2025-06-14T15:47:11,0
2025-06-14T16:18:02,0
2025-06-14T16:48:50,0
2025-06-14T17:19:38,0
2025-06-14T17:50:26,0
2025-06-14T18:21:11,0
2025-06-14T18:51:59,0
2025-06-14T19:22:45,0
2025-06-14T19:53:33,0
2025-06-15T06:01:41,0
2025-06-15T06:32:26,0
2025-06-15T07:03:12,0
2025-06-15T07:33:59,0
2025-06-15T08:04:48,0
2025-06-15T08:35:35,0
2025-06-15T09:06:23,0
2025-06-15T09:37:11,0
2025-06-15T10:07:58,0
2025-06-15T10:38:50,0
2025-06-15T11:09:39,0
2025-06-15T11:40:26,0
2025-06-15T12:11:12,0
2025-06-15T12:42:03,0
2025-06-15T13:12:52,0
2025-06-15T13:43:42,0
2025-06-15T14:14:30,0
2025-06-15T14:45:15,0
2025-06-15T15:16:04,1
2025-06-15T15:46:53,0
2025-06-15T16:17:43,0
2025-06-15T16:48:34,0
2025-06-15T17:19:21,0
2025-06-15T17:50:06,0
2025-06-15T18:20:57,0
2025-06-15T18:51:43,0
2025-06-15T19:22:29,0
2025-06-15T19:53:15,0
2025-06-16T06:01:46,0
2025-06-16T06:32:31,0
2025-06-16T07:03:19,0
2025-06-16T07:34:05,0
2025-06-16T08:04:55,0
2025-06-16T08:35:42,0
2025-06-16T09:06:32,0
2025-06-16T09:37:19,0
2025-06-16T10:08:06,0
2025-06-16T10:38:53,0
2025-06-16T11:09:41,0
2025-06-16T11:40:28,1
2025-06-16T12:11:20,0
2025-06-16T12:42:12,0
2025-06-16T13:13:02,0
2025-06-16T13:43:49,0
2025-06-16T14:14:39,0
2025-06-16T14:46:32,0
2025-06-16T15:17:21,2
2025-06-16T15:48:09,0
2025-06-16T16:18:57,0
2025-06-16T16:49:43,0
2025-06-16T17:20:28,0
2025-06-16T17:51:22,0
2025-06-16T18:22:11,0
2025-06-16T18:53:04,0
2025-06-16T19:23:54,0
2025-06-16T19:54:40,0
2025-06-17T06:01:41,0
2025-06-17T06:32:28,0
2025-06-17T07:03:13,0
2025-06-17T07:33:59,0
2025-06-17T08:04:53,0
2025-06-17T08:35:39,0
2025-06-17T09:06:27,0
2025-06-17T09:37:15,0
2025-06-17T10:08:03,0
2025-06-17T10:38:51,0
2025-06-17T11:09:38,0
2025-06-17T11:40:23,0
2025-06-17T12:11:10,0
2025-06-17T12:42:00,0
2025-06-17T13:12:47,0
2025-06-17T13:43:36,0
2025-06-17T14:14:22,0
2025-06-17T14:45:09,0
2025-06-17T15:15:56,0
2025-06-17T15:46:44,0
2025-06-17T16:17:30,0
2025-06-17T16:48:18,0
2025-06-17T17:19:05,1
2025-06-17T17:49:51,0
2025-06-17T18:20:38,0
2025-06-17T18:51:28,0
2025-06-17T19:22:17,0
2025-06-17T19:53:06,1
2025-06-18T06:01:43,0
2025-06-18T06:32:29,0
2025-06-18T07:03:18,0
2025-06-18T07:34:04,0
2025-06-18T08:04:54,0
2025-06-18T08:35:40,0
2025-06-18T09:06:26,0
2025-06-18T09:37:13,0
2025-06-18T10:07:58,0
2025-06-18T10:38:44,1
2025-06-18T11:09:31,1
2025-06-18T11:40:16,1
2025-06-18T12:11:01,1
2025-06-18T12:41:52,0
2025-06-18T13:12:37,0
2025-06-18T13:43:24,0
2025-06-18T14:14:12,1
2025-06-18T14:44:58,0
2025-06-18T15:15:46,0
2025-06-18T15:46:33,0
2025-06-18T16:17:19,0
2025-06-18T16:48:07,0
2025-06-18T17:18:53,0
2025-06-18T17:49:40,0
2025-06-18T18:20:28,1
2025-06-18T18:51:13,1
2025-06-18T19:21:59,0
2025-06-18T19:52:48,0
2025-06-19T06:01:44,0
2025-06-19T06:32:29,0
2025-06-19T07:03:14,0
2025-06-19T07:34:01,0
2025-06-19T08:04:46,0
2025-06-19T08:35:35,2
2025-06-19T09:06:30,1
2025-06-19T09:37:21,1
2025-06-19T10:08:07,1
2025-06-19T10:38:55,1
2025-06-19T11:09:40,1
2025-06-19T11:40:28,2
2025-06-19T12:11:18,2
2025-06-19T12:42:10,1
2025-06-19T13:12:57,1
2025-06-19T13:43:44,0
2025-06-19T14:14:30,0
2025-06-19T14:45:17,0
2025-06-19T15:16:04,0
2025-06-19T15:46:52,0
2025-06-19T16:17:37,0
2025-06-19T16:48:26,0
2025-06-19T17:19:14,0
2025-06-19T17:50:01,0
2025-06-19T18:20:48,0
2025-06-19T18:51:36,0
2025-06-19T19:22:30,0
2025-06-19T19:53:17,0
2025-06-20T06:01:44,2
2025-06-20T06:32:31,1
2025-06-20T07:03:17,1
2025-06-20T07:34:03,1
2025-06-20T08:04:49,0
2025-06-20T08:35:35,0
2025-06-20T09:06:21,0
2025-06-20T09:37:08,0
2025-06-20T10:07:56,0
2025-06-20T10:38:45,0
2025-06-20T11:09:31,1
2025-06-20T11:40:19,2
2025-06-20T12:11:06,0
2025-06-20T12:41:53,0
2025-06-20T13:12:39,0
2025-06-20T13:43:30,1
2025-06-20T14:14:29,0
2025-06-20T14:45:17,0
2025-06-20T15:16:07,0
2025-06-20T15:46:56,0
2025-06-20T16:17:43,0
2025-06-20T16:48:32,0
2025-06-20T17:19:18,0
2025-06-20T17:50:07,0
2025-06-20T18:20:55,0
2025-06-20T18:51:43,0
2025-06-20T19:22:31,1
2025-06-20T19:53:21,0
2025-06-21T06:01:45,0
2025-06-21T06:32:33,0
2025-06-21T07:03:20,0
2025-06-21T07:34:08,0
2025-06-21T08:04:54,0
2025-06-21T08:35:46,0
2025-06-21T09:06:32,0
2025-06-21T09:37:19,1
2025-06-21T10:08:09,1
2025-06-21T10:38:55,0
2025-06-21T11:09:41,0
2025-06-21T11:40:29,0
2025-06-21T12:11:16,0
2025-06-21T12:42:03,0
2025-06-21T13:12:50,0
2025-06-21T13:43:35,0
2025-06-21T14:14:23,0
2025-06-21T14:45:14,0
2025-06-21T15:16:06,0
2025-06-21T15:46:53,0
2025-06-21T16:17:39,0
2025-06-21T16:48:28,0
2025-06-21T17:19:17,0
2025-06-21T17:50:10,0
2025-06-21T18:20:58,0
2025-06-21T18:51:46,0
2025-06-21T19:22:36,1
2025-06-21T19:53:22,0
2025-06-22T06:01:48,0
2025-06-22T06:32:37,0
2025-06-22T07:03:30,0
2025-06-22T07:34:19,0
2025-06-22T08:05:07,2
2025-06-22T08:35:55,1
2025-06-22T09:06:42,0
2025-06-22T09:37:31,0
2025-06-22T10:08:21,1
2025-06-22T10:39:10,1
2025-06-22T11:09:59,1
2025-06-22T11:40:45,1
2025-06-22T12:11:32,0
2025-06-22T12:42:21,0
2025-06-22T13:13:06,0
2025-06-22T13:43:54,0
2025-06-22T14:14:43,0
2025-06-22T14:45:29,0
2025-06-22T15:16:18,0
2025-06-22T15:47:06,0
2025-06-22T16:18:05,0
2025-06-22T16:48:57,0
2025-06-22T17:19:44,0
2025-06-22T17:50:31,0
2025-06-22T18:21:17,1
2025-06-22T18:52:10,0
2025-06-22T19:23:03,0
2025-06-22T19:53:50,0
2025-06-23T06:01:46,0
2025-06-23T06:32:32,1
2025-06-23T07:03:18,0
2025-06-23T07:34:07,0
2025-06-23T08:04:57,0
2025-06-23T08:35:46,0
2025-06-23T09:06:37,0
2025-06-23T09:37:33,0
2025-06-23T10:08:24,1
2025-06-23T10:39:15,0
2025-06-23T11:10:01,0
2025-06-23T11:40:48,0
2025-06-23T12:11:36,0
2025-06-23T12:42:25,0
2025-06-23T13:13:20,0
2025-06-23T13:44:09,0
2025-06-23T14:14:56,0
2025-06-23T14:45:44,0
2025-06-23T15:16:37,0
2025-06-23T15:47:26,0
2025-06-23T16:18:14,0
2025-06-23T16:49:05,0
2025-06-23T17:19:55,0
2025-06-23T17:50:44,0
2025-06-23T18:21:30,0
2025-06-23T18:52:25,0
2025-06-23T19:23:13,0
2025-06-23T19:54:03,0
2025-06-24T06:01:47,0
2025-06-24T06:32:33,0
2025-06-24T07:03:23,0
2025-06-24T07:34:12,0
2025-06-24T08:05:01,0
2025-06-24T08:35:50,0
2025-06-24T09:06:37,0
2025-06-24T09:37:26,0
2025-06-24T10:08:13,0
2025-06-24T10:39:03,0
2025-06-24T11:09:48,0
2025-06-24T11:40:36,0
2025-06-24T12:11:27,0
2025-06-24T12:42:16,0
2025-06-24T13:13:03,0
2025-06-24T13:43:53,0
2025-06-24T14:14:39,0
2025-06-24T14:45:32,0
2025-06-24T15:16:22,0
2025-06-24T15:47:12,0
2025-06-24T16:18:02,0
2025-06-24T16:48:49,0
2025-06-24T17:19:40,0
2025-06-24T17:50:31,0
2025-06-24T18:21:19,0
2025-06-24T18:52:05,0
2025-06-24T19:22:55,0
2025-06-24T19:53:42,0
2025-06-25T06:01:47,0
2025-06-25T06:32:33,0
2025-06-25T07:03:23,0
2025-06-25T07:34:13,0
2025-06-25T08:05:01,0
2025-06-25T08:35:48,0
2025-06-25T09:06:40,0
2025-06-25T09:37:33,0
2025-06-25T10:08:25,0
2025-06-25T10:39:16,0
2025-06-25T11:10:05,0
2025-06-25T11:40:55,0
2025-06-25T12:11:47,0
2025-06-25T12:42:42,0
2025-06-25T13:13:31,0
2025-06-25T13:44:17,0
2025-06-25T14:15:07,0
2025-06-25T14:45:56,0
2025-06-25T15:16:43,0
2025-06-25T15:47:34,0
2025-06-25T16:18:24,0
2025-06-25T16:49:15,0
2025-06-25T17:20:06,0
2025-06-25T17:50:55,0
2025-06-25T18:21:43,0
2025-06-25T18:52:33,0
2025-06-25T19:23:22,0
2025-06-25T19:54:16,0
2025-06-26T06:01:49,0
2025-06-26T06:32:35,0
2025-06-26T07:03:23,0
2025-06-26T07:34:10,0
2025-06-26T08:04:56,1
2025-06-26T08:35:45,0
2025-06-26T09:06:33,0
2025-06-26T09:37:21,0
2025-06-26T10:08:10,0
2025-06-26T10:39:00,0
2025-06-26T11:09:49,0
2025-06-26T11:40:38,0
2025-06-26T12:11:25,0
2025-06-26T12:42:10,0
2025-06-26T13:13:01,0
2025-06-26T13:43:49,0
2025-06-26T14:14:39,1
2025-06-26T14:45:27,0
2025-06-26T15:16:14,0
2025-06-26T15:47:03,0
2025-06-26T16:17:48,0
2025-06-26T16:48:37,0
2025-06-26T17:19:22,0
2025-06-26T17:50:13,0
2025-06-26T18:21:01,0
2025-06-26T18:51:52,0
2025-06-26T19:22:41,0
2025-06-26T19:53:28,0
2025-06-27T06:01:48,0
2025-06-27T06:32:36,0
2025-06-27T07:03:25,0
2025-06-27T07:34:11,2
2025-06-27T08:04:57,8
2025-06-27T08:35:44,8
2025-06-27T09:06:32,9
2025-06-27T09:37:18,10
2025-06-27T10:08:05,9
2025-06-27T10:38:51,8
2025-06-27T11:09:39,6
2025-06-27T11:40:28,8
2025-06-27T12:11:19,8
2025-06-27T12:42:06,7
2025-06-27T13:12:53,6
2025-06-27T13:43:43,6
2025-06-27T14:14:33,5
2025-06-27T14:45:28,4
2025-06-27T15:16:18,4
2025-06-27T15:47:05,2
2025-06-27T16:17:51,3
2025-06-27T16:48:37,4
2025-06-27T17:19:28,4
2025-06-27T17:50:16,3
2025-06-27T18:21:04,3
2025-06-27T18:51:53,4
2025-06-27T19:22:46,4
2025-06-27T19:53:35,3
2025-06-28T06:01:48,0
2025-06-28T06:32:35,0
2025-06-28T07:03:21,0
2025-06-28T07:34:09,4
2025-06-28T08:04:57,2
2025-06-28T08:35:44,3
2025-06-28T09:06:34,3
2025-06-28T09:37:22,1
2025-06-28T10:08:10,2
2025-06-28T10:39:03,3
2025-06-28T11:09:48,4
2025-06-28T11:40:39,4
2025-06-28T12:11:28,3
2025-06-28T12:42:24,2
2025-06-28T13:13:12,4
2025-06-28T13:44:01,4
2025-06-28T14:14:50,2
2025-06-28T14:45:40,2
2025-06-28T15:16:28,2
2025-06-28T15:47:16,1
2025-06-28T16:18:04,2
2025-06-28T16:48:54,2
2025-06-28T17:19:42,1
2025-06-28T17:50:29,1
2025-06-28T18:21:16,1
2025-06-28T18:52:08,1
2025-06-28T19:23:00,0
2025-06-28T19:53:47,0
2025-06-29T06:01:52,0
2025-06-29T06:32:39,3
2025-06-29T07:03:27,0
2025-06-29T07:34:13,1
2025-06-29T08:05:03,0
2025-06-29T08:35:49,3
2025-06-29T09:06:36,4
2025-06-29T09:37:22,2
2025-06-29T10:08:08,1
2025-06-29T10:38:56,3
2025-06-29T11:09:43,2
2025-06-29T11:40:31,2
2025-06-29T12:11:17,3
2025-06-29T12:42:04,3
2025-06-29T13:12:49,4
2025-06-29T13:43:38,4
2025-06-29T14:14:26,4
2025-06-29T14:45:15,2
2025-06-29T15:16:06,3
2025-06-29T15:46:53,5
2025-06-29T16:17:39,3
2025-06-29T16:48:27,3
2025-06-29T17:19:15,5
2025-06-29T17:50:01,4
2025-06-29T18:20:50,2
2025-06-29T18:51:38,3
2025-06-29T19:22:26,2
2025-06-29T19:53:14,2
2025-06-30T06:01:51,0
2025-06-30T06:32:37,0
2025-06-30T07:03:23,0
2025-06-30T07:34:09,2
2025-06-30T08:04:55,2
2025-06-30T08:35:44,3
2025-06-30T09:06:32,2
2025-06-30T09:37:22,2
2025-06-30T10:08:10,1
2025-06-30T10:38:58,0
2025-06-30T11:09:45,0
2025-06-30T11:40:31,1
2025-06-30T12:11:20,0
2025-06-30T12:42:08,1
2025-06-30T13:12:53,0
2025-06-30T13:43:40,0
2025-06-30T14:14:26,0
2025-06-30T14:45:13,0
2025-06-30T15:15:58,0
2025-06-30T15:46:43,0
2025-06-30T16:17:37,0
2025-06-30T16:48:22,0
2025-06-30T17:19:10,0
2025-06-30T17:49:56,0
2025-06-30T18:20:45,0
2025-06-30T18:51:32,0
2025-06-30T19:22:18,0
2025-06-30T19:53:06,0
2025-07-01T06:01:55,0
2025-07-01T06:32:40,0
2025-07-01T07:03:27,0
2025-07-01T07:34:14,0
2025-07-01T08:05:01,0
2025-07-01T08:35:49,1
2025-07-01T09:06:36,1
2025-07-01T09:37:28,0
2025-07-01T10:08:18,0
2025-07-01T10:39:05,0
2025-07-01T11:09:58,0
2025-07-01T11:40:43,1
2025-07-01T12:11:30,0
2025-07-01T12:42:17,0
2025-07-01T13:13:05,1
2025-07-01T13:43:55,0
2025-07-01T14:14:48,0
2025-07-01T14:45:34,0
2025-07-01T15:16:20,0
2025-07-01T15:47:10,0
2025-07-01T16:17:57,0
2025-07-01T16:48:46,0
2025-07-01T17:19:33,0
2025-07-01T17:50:24,0
2025-07-01T18:21:11,0
2025-07-01T18:52:00,0
2025-07-01T19:22:52,0
2025-07-01T19:53:44,0
2025-07-02T06:01:55,0
2025-07-02T06:32:40,0
2025-07-02T07:03:26,0
2025-07-02T07:34:11,0
2025-07-02T08:05:00,0
2025-07-02T08:35:50,0
2025-07-02T09:06:37,0
2025-07-02T09:37:26,0
2025-07-02T10:08:17,0
2025-07-02T10:39:09,0
2025-07-02T11:09:59,0
2025-07-02T11:40:46,0
2025-07-02T12:11:32,0
2025-07-02T12:42:26,0
2025-07-02T13:13:15,0
2025-07-02T13:44:06,0
2025-07-02T14:14:51,1
2025-07-02T14:45:39,0
2025-07-02T15:16:36,1
2025-07-02T15:47:26,0
2025-07-02T16:18:18,0
2025-07-02T16:49:07,0
2025-07-02T17:19:54,0
2025-07-02T17:50:42,0
2025-07-02T18:21:30,0
2025-07-02T18:52:19,0
2025-07-02T19:23:10,1
2025-07-02T19:53:55,0
2025-07-03T06:01:51,0
2025-07-03T06:32:38,0
2025-07-03T07:03:23,0
2025-07-03T07:34:14,1
2025-07-03T08:05:01,1
2025-07-03T08:35:49,0
2025-07-03T09:06:38,0
2025-07-03T09:37:35,0
2025-07-03T10:08:28,0
2025-07-03T10:39:16,1
2025-07-03T11:10:05,0
2025-07-03T11:40:50,0
2025-07-03T12:11:35,1
2025-07-03T12:42:22,0
2025-07-03T13:13:10,0
2025-07-03T13:44:00,0
2025-07-03T14:14:48,0
2025-07-03T14:45:39,0
2025-07-03T15:16:25,0
2025-07-03T15:47:13,0
2025-07-03T16:17:59,0
2025-07-03T16:48:53,0
2025-07-03T17:19:45,0
2025-07-03T17:50:32,0
2025-07-03T18:21:18,0
2025-07-03T18:52:03,0
2025-07-03T19:22:50,1
2025-07-03T19:53:36,2
2025-07-04T06:01:51,0
2025-07-04T06:32:38,0
2025-07-04T07:03:25,0
2025-07-04T07:34:12,1
2025-07-04T08:05:03,2
2025-07-04T08:35:51,1
2025-07-04T09:06:39,0
2025-07-04T09:37:29,0
2025-07-04T10:08:19,0
2025-07-04T10:39:08,0
2025-07-04T11:09:59,0
2025-07-04T11:40:44,0
2025-07-04T12:11:32,0
2025-07-04T12:42:17,0
2025-07-04T13:13:04,0
2025-07-04T13:43:53,0
2025-07-04T14:14:41,0
2025-07-04T14:45:28,0
2025-07-04T15:16:18,0
2025-07-04T15:48:10,0
2025-07-04T16:18:56,1
2025-07-04T16:49:47,0
2025-07-04T17:20:35,1
2025-07-04T17:51:22,2
2025-07-04T18:22:08,0
2025-07-04T18:52:57,0
2025-07-04T19:23:42,0
2025-07-04T19:54:28,0
2025-07-05T06:01:54,0
2025-07-05T06:32:40,1
2025-07-05T07:03:26,0
2025-07-05T07:34:12,0
2025-07-05T08:05:02,0
2025-07-05T08:35:55,0
2025-07-05T09:06:45,0
2025-07-05T09:37:36,0
2025-07-05T10:08:21,0
2025-07-05T10:39:08,0
2025-07-05T11:09:56,1
2025-07-05T11:40:42,1
2025-07-05T12:11:31,1
2025-07-05T12:42:18,1
2025-07-05T13:13:04,0
2025-07-05T13:43:51,0
2025-07-05T14:14:39,1
2025-07-05T14:45:25,1
2025-07-05T15:16:15,0
2025-07-05T15:47:08,2
2025-07-05T16:17:56,2
2025-07-05T16:48:50,0
2025-07-05T17:19:38,1
2025-07-05T17:50:29,1
2025-07-05T18:21:18,1
2025-07-05T18:52:04,0
2025-07-05T19:22:49,0
2025-07-05T19:53:40,1
2025-07-06T06:01:56,0
2025-07-06T06:32:48,0
2025-07-06T07:03:38,0
2025-07-06T07:34:24,1
2025-07-06T08:05:11,1
2025-07-06T08:36:00,1
2025-07-06T09:06:48,0
2025-07-06T09:37:36,1
2025-07-06T10:08:21,1
2025-07-06T10:39:11,1
2025-07-06T11:09:56,1
2025-07-06T11:40:43,1
2025-07-06T12:11:32,1
2025-07-06T12:42:20,0
2025-07-06T13:13:07,0
2025-07-06T13:43:54,1
2025-07-06T14:14:44,0
2025-07-06T14:45:33,1
2025-07-06T15:16:20,1
2025-07-06T15:47:07,1
2025-07-06T16:17:55,1
2025-07-06T16:48:44,0
2025-07-06T17:19:32,0
2025-07-06T17:50:21,0
2025-07-06T18:21:07,0
2025-07-06T18:51:54,0
2025-07-06T19:22:41,0
2025-07-06T19:53:27,0
2025-07-07T06:01:53,0
2025-07-07T06:32:39,0
2025-07-07T07:03:26,0
2025-07-07T07:34:15,0
2025-07-07T08:05:00,0
2025-07-07T08:35:47,0
2025-07-07T09:06:37,0
2025-07-07T09:37:26,0
2025-07-07T10:08:19,0
2025-07-07T10:39:08,0
2025-07-07T11:09:56,0
2025-07-07T11:40:50,0
2025-07-07T12:11:39,0
2025-07-07T12:42:28,0
2025-07-07T13:13:15,0
2025-07-07T13:44:06,0
2025-07-07T14:14:55,0
2025-07-07T14:45:46,0
2025-07-07T15:16:35,0
2025-07-07T15:47:23,0
2025-07-07T16:18:12,0
2025-07-07T16:49:01,0
2025-07-07T17:19:47,0
2025-07-07T17:50:34,0
2025-07-07T18:21:21,0
2025-07-07T18:52:09,0
2025-07-07T19:23:00,0
2025-07-07T19:53:52,0
2025-07-08T06:01:53,0
2025-07-08T06:32:41,0
2025-07-08T07:03:29,0
2025-07-08T07:34:16,0
2025-07-08T08:05:07,0
2025-07-08T08:35:54,0
2025-07-08T09:06:39,0
2025-07-08T09:37:29,0
2025-07-08T10:08:15,0
2025-07-08T10:39:04,0
2025-07-08T11:09:51,0
2025-07-08T11:40:39,0
2025-07-08T12:11:27,0
2025-07-08T12:42:18,0
2025-07-08T13:13:05,0
2025-07-08T13:43:50,0
2025-07-08T14:14:37,0
2025-07-08T14:45:26,0
2025-07-08T15:16:14,0
2025-07-08T15:47:03,1
2025-07-08T16:17:52,0
2025-07-08T16:48:44,0
2025-07-08T17:19:33,0
2025-07-08T17:50:20,0
2025-07-08T18:21:07,0
2025-07-08T18:51:58,0
2025-07-08T19:22:46,0
2025-07-08T19:53:35,1
2025-07-09T06:01:53,0
2025-07-09T06:32:39,0
2025-07-09T07:03:25,0
2025-07-09T07:34:16,0
2025-07-09T08:05:03,0
2025-07-09T08:35:52,0
2025-07-09T09:06:46,1
2025-07-09T09:37:34,0
2025-07-09T10:08:21,0
2025-07-09T10:39:13,0
2025-07-09T11:10:01,0
2025-07-09T11:40:52,0
2025-07-09T12:11:38,0
2025-07-09T12:42:26,0
2025-07-09T13:13:15,0
2025-07-09T13:44:09,0
2025-07-09T14:15:00,0
2025-07-09T14:45:55,0
2025-07-09T15:16:47,0
2025-07-09T15:47:32,1
2025-07-09T16:18:18,1
2025-07-09T16:49:06,0
2025-07-09T17:19:59,1
2025-07-09T17:50:45,0
2025-07-09T18:21:31,0
2025-07-09T18:52:20,0
2025-07-09T19:23:11,1
2025-07-09T19:54:01,1
2025-07-10T06:01:54,0
2025-07-10T06:32:43,0
2025-07-10T07:03:30,0
2025-07-10T07:34:17,0
2025-07-10T08:05:03,0
2025-07-10T08:35:50,0
2025-07-10T09:06:38,0
2025-07-10T09:37:26,0
2025-07-10T10:08:13,0
2025-07-10T10:38:59,0
2025-07-10T11:09:55,0
2025-07-10T11:40:43,0
2025-07-10T12:11:30,0
2025-07-10T12:42:19,0
2025-07-10T13:13:06,0
2025-07-10T13:43:52,0
2025-07-10T14:14:37,0
2025-07-10T14:45:25,0
2025-07-10T15:16:12,0
2025-07-10T15:47:00,0
2025-07-10T16:17:49,0
2025-07-10T16:48:37,1
2025-07-10T17:19:26,1
2025-07-10T17:50:16,0
2025-07-10T18:21:02,0
2025-07-10T18:51:50,0
2025-07-10T19:22:40,0
2025-07-10T19:53:28,0
2025-07-11T06:02:01,0
2025-07-11T06:32:47,0
2025-07-11T07:03:33,0
2025-07-11T07:34:21,0
2025-07-11T08:05:10,0
2025-07-11T08:36:00,0
2025-07-11T09:06:49,0
2025-07-11T09:37:38,0
2025-07-11T10:08:25,0
2025-07-11T10:39:12,0
2025-07-11T11:09:59,0
2025-07-11T11:40:48,0
2025-07-11T12:11:35,0
2025-07-11T12:42:22,0
2025-07-11T13:13:10,0
2025-07-11T13:43:57,0
2025-07-11T14:14:46,0
2025-07-11T14:45:31,0
2025-07-11T15:16:16,0
2025-07-11T15:47:06,0
2025-07-11T16:17:58,0
2025-07-11T16:48:45,0
2025-07-11T17:19:33,0
2025-07-11T17:50:21,0
2025-07-11T18:21:08,0
2025-07-11T18:51:55,0
2025-07-11T19:22:42,0
2025-07-11T19:53:33,0
2025-07-12T06:01:59,0
2025-07-12T06:32:46,0
2025-07-12T07:03:36,0
2025-07-12T07:34:25,0
2025-07-12T08:05:14,0
2025-07-12T08:36:00,0
2025-07-12T09:06:48,0
2025-07-12T09:37:37,0
2025-07-12T10:08:31,0
2025-07-12T10:39:22,0
2025-07-12T11:10:09,0
2025-07-12T11:40:56,0
2025-07-12T12:11:41,0
2025-07-12T12:42:28,0
2025-07-12T13:13:15,0
2025-07-12T13:44:07,0
2025-07-12T14:14:55,0
2025-07-12T14:45:43,0
2025-07-12T15:16:32,0
2025-07-12T15:47:21,0
2025-07-12T16:18:08,0
2025-07-12T16:48:55,0
2025-07-12T17:19:42,0
2025-07-12T17:50:30,0
2025-07-12T18:21:19,0
2025-07-12T18:52:12,0
2025-07-12T19:23:07,0
2025-07-12T19:53:58,0
2025-07-13T06:01:56,0
2025-07-13T06:32:47,0
2025-07-13T13:39:10,0
2025-07-13T14:09:57,0
2025-07-13T14:40:44,0
2025-07-13T15:11:31,0
2025-07-13T15:42:18,0
2025-07-13T16:13:04,0
2025-07-13T16:43:53,0
2025-07-13T17:14:39,0
2025-07-13T17:33:22,0
2025-07-13T18:04:10,0
2025-07-14T08:43:02,0
2025-07-14T08:48:14,0
2025-07-14T09:19:06,0
2025-07-14T09:49:56,0
2025-07-14T10:20:43,0
2025-07-14T10:51:32,0
2025-07-14T11:22:18,0
2025-07-14T11:53:08,0
2025-07-14T12:23:54,0
2025-07-14T12:54:43,0
2025-07-14T13:25:32,0
2025-07-14T13:56:24,0
2025-07-14T14:27:11,0
2025-07-14T14:58:00,0
2025-07-14T15:28:50,0
2025-07-14T15:59:40,0
2025-07-14T16:30:26,0
2025-07-14T17:01:14,0
2025-07-14T17:32:04,0
2025-07-14T18:02:53,0
2025-07-14T18:33:43,0
2025-07-14T19:04:33,0
2025-07-14T19:35:20,0
2025-07-15T06:02:02,0
2025-07-15T06:32:48,0
2025-07-15T09:21:14,0
2025-07-15T09:52:02,0
2025-07-15T10:22:53,0
2025-07-15T10:53:38,0
2025-07-15T11:24:28,0
2025-07-15T11:55:20,0
2025-07-15T12:26:07,0
2025-07-15T12:56:57,0
2025-07-15T13:27:47,0
2025-07-15T13:58:36,0
2025-07-15T14:29:24,0
2025-07-15T15:00:13,0
2025-07-15T15:31:01,0
2025-07-15T16:01:51,0
2025-07-15T16:32:38,0
2025-07-15T17:03:28,0
2025-07-15T17:34:15,0
2025-07-15T18:05:01,0
2025-07-15T18:35:50,0
2025-07-15T19:06:40,0
2025-07-15T19:37:26,0
2025-07-16T06:01:59,0
2025-07-16T07:12:46,0
2025-07-16T07:43:39,0
2025-07-16T08:17:41,0
2025-07-16T08:48:33,0
2025-07-16T09:19:25,0
2025-07-16T09:50:14,0
2025-07-16T10:21:07,0
2025-07-16T10:52:00,0
2025-07-16T11:22:52,0
2025-07-16T11:53:38,1
2025-07-16T12:24:24,1
2025-07-16T12:55:14,1
2025-07-16T13:25:59,1
2025-07-16T13:56:49,1
2025-07-16T14:27:37,1
2025-07-16T14:58:27,1
2025-07-16T15:29:17,1
2025-07-16T16:00:07,1
2025-07-16T16:30:53,1
2025-07-16T17:01:40,1
2025-07-16T17:32:29,0
2025-07-16T18:03:20,0
2025-07-16T18:34:11,0
2025-07-16T19:04:59,1
2025-07-17T14:32:56,1
2025-07-17T15:03:44,1
2025-07-24T14:52:04,0
2025-07-24T15:22:50,0
2025-07-24T15:53:44,0
2025-07-24T16:24:32,0
2025-07-24T16:55:20,0
2025-07-25T09:47:09,0
2025-07-25T10:17:55,0
2025-07-25T10:48:41,0
2025-07-25T11:19:30,0
2025-07-25T11:50:17,0
2025-07-25T12:21:06,0
2025-07-28T09:07:10,0
2025-07-28T09:38:02,0
2025-07-28T10:08:51,0
2025-07-28T10:39:42,0
2025-07-28T11:10:31,0
2025-07-28T11:41:20,0
2025-07-28T12:12:12,0
2025-07-28T12:43:06,0
2025-07-28T13:13:58,0
2025-07-28T13:44:43,0
2025-07-28T14:15:32,0
2025-07-28T14:46:18,0
2025-07-28T15:17:05,0
2025-07-28T15:47:54,0
2025-07-28T16:18:40,0
2025-07-28T16:49:27,0
2025-07-28T17:20:15,0
2025-07-28T17:51:06,0
2025-07-30T12:52:12,0
2025-07-30T13:23:07,0
2025-07-30T13:53:54,0
2025-07-30T14:24:42,0
2025-07-30T14:55:33,0
2025-07-30T15:26:19,0
2025-07-30T15:57:10,0
2025-07-30T16:27:57,0
2025-07-30T16:58:46,0
2025-07-30T17:29:34,0
2025-07-30T18:00:20,0
2025-07-31T09:00:37,0
2025-07-31T14:56:33,0
2025-07-31T15:27:26,0
2025-07-31T15:58:13,0
2025-07-31T16:29:01,0
2025-07-31T16:59:51,0
2025-07-31T17:30:40,0
2025-07-31T18:01:28,0
2025-08-01T09:35:36,0
2025-08-01T10:06:25,0
2025-08-02T12:52:49,0
2025-08-02T13:23:34,0
2025-08-02T13:54:20,0
2025-08-02T14:25:08,0
2025-08-02T14:55:59,0
2025-08-02T15:26:47,0
2025-08-02T15:57:33,0
2025-08-02T16:28:25,0
2025-08-02T16:59:10,0
2025-08-02T17:29:59,0
2025-08-03T11:21:34,0
2025-08-03T11:52:22,0
2025-08-03T12:23:07,1
2025-08-03T12:53:55,1
2025-08-03T13:24:43,0
2025-08-03T13:55:33,1
2025-08-03T14:26:18,1
2025-08-03T14:57:08,0
2025-08-03T15:27:54,0
2025-08-03T15:58:40,0
2025-08-03T16:29:25,0
2025-08-03T17:00:11,0
2025-08-06T12:41:13,0
2025-08-17T12:25:33,1
2025-08-17T12:56:22,0
2025-08-17T13:27:12,0
2025-08-17T13:58:05,0
2025-08-17T14:28:53,0
2025-08-19T12:29:35,0
2025-08-19T13:00:23,0
2025-08-19T13:31:17,0
2025-08-19T14:02:07,0
2025-08-19T14:32:58,0
2025-08-19T15:03:46,0
2025-08-19T15:34:33,0
2025-08-19T16:05:29,0
2025-08-19T16:36:18,0
2025-08-19T17:07:08,0
2025-08-19T17:37:55,0
2025-08-19T18:08:44,0
2025-08-20T11:47:24,0
2025-08-20T12:18:12,0
2025-08-20T12:49:02,0
2025-08-20T13:19:50,1
2025-08-20T13:50:36,0
2025-08-20T14:21:26,0
2025-08-20T14:52:16,0
2025-08-20T15:23:05,0
2025-08-20T15:53:52,0
2025-08-20T16:24:42,0
2025-08-20T16:55:34,0
2025-08-20T17:26:23,0
2025-08-20T17:57:12,0
2025-08-21T09:48:39,0
2025-08-21T10:19:27,0
2025-08-21T10:50:14,0
2025-08-21T11:21:00,0
2025-08-21T11:51:49,0
2025-08-21T12:22:38,0
2025-08-21T12:53:27,0
2025-08-21T13:24:19,0
2025-08-21T13:55:11,0
2025-08-21T14:26:00,0
2025-08-21T14:56:45,0
2025-08-21T15:27:38,0
2025-08-21T15:58:25,0
2025-08-21T16:29:14,0
2025-08-21T16:59:59,0
2025-08-21T17:30:48,0
2025-08-21T18:01:33,0
2025-08-22T10:30:04,0
2025-08-22T11:00:55,0
2025-08-22T11:31:46,0
2025-08-22T12:02:37,0
2025-08-22T12:33:28,0
2025-08-22T13:04:26,0
2025-08-22T13:35:14,0
2025-08-22T14:06:07,0
2025-08-22T14:36:56,0
2025-08-22T15:07:47,0
2025-08-22T15:38:32,0
2025-08-23T11:34:23,0
2025-08-23T12:05:11,0
2025-08-23T12:36:00,0
2025-08-23T13:06:46,0
2025-08-23T13:37:39,0
2025-08-23T14:08:25,0
2025-08-23T14:39:14,0
2025-08-23T15:10:02,0
2025-08-23T15:40:49,0
2025-08-23T16:11:37,0
2025-08-24T10:10:23,1
2025-08-24T10:41:10,0
2025-08-24T11:11:59,0
2025-08-24T11:42:48,0
2025-08-24T12:13:33,0
2025-08-24T12:44:21,0
2025-08-24T13:15:08,0
2025-08-24T13:45:53,0
2025-08-24T14:16:41,0
2025-08-24T14:47:28,0
2025-08-24T15:18:13,0
2025-08-24T15:49:00,0
2025-08-24T16:19:52,0
2025-08-24T16:50:40,0
2025-08-24T17:21:30,0
2025-08-24T17:52:20,0
2025-08-24T18:23:09,0
2025-08-25T09:53:31,0
2025-08-25T10:24:19,0
2025-08-25T10:55:08,0
2025-08-25T11:25:57,1
2025-08-25T11:56:44,1
2025-08-25T12:27:30,1
2025-08-25T12:58:16,1
2025-08-25T13:29:01,2
2025-08-25T13:59:51,1
2025-08-25T14:30:37,1
2025-08-25T15:01:27,2
2025-08-26T15:00:54,0
2025-08-26T15:31:41,0
2025-08-26T16:02:31,0
2025-08-26T16:33:23,0
2025-08-26T17:04:10,0
2025-08-26T17:35:01,0
2025-08-26T18:05:51,0
2025-08-27T11:24:08,0
2025-08-27T11:54:57,0
2025-08-27T12:25:51,0
2025-08-27T12:56:41,1
2025-08-27T13:27:29,1
2025-08-27T13:58:19,1
2025-08-27T14:29:06,1
2025-08-27T14:59:56,1
2025-08-27T15:30:47,1
2025-08-27T16:01:37,1
2025-08-27T16:32:30,0
2025-08-27T17:03:19,0
2025-08-28T11:12:58,0
2025-08-28T11:43:52,0
2025-08-28T12:14:42,0
2025-08-28T12:45:31,0
2025-08-28T13:16:16,0
2025-08-28T13:47:03,0
2025-08-28T14:17:50,0
2025-08-28T14:48:41,0
2025-08-28T15:19:26,0
2025-08-28T15:50:17,0
2025-08-28T16:21:04,0
2025-08-28T16:51:53,2
2025-08-28T17:22:43,0
2025-08-28T17:53:30,0
2025-09-01T15:32:50,0
2025-09-02T12:35:31,0
2025-09-02T13:06:17,0
2025-09-02T13:37:04,2
2025-09-02T14:29:30,0
2025-09-02T15:00:17,0
2025-09-02T15:31:08,0
2025-09-03T11:26:20,0
2025-09-03T11:57:09,0
2025-09-03T12:27:58,0
2025-09-03T12:58:45,0
2025-09-03T13:29:34,0
2025-09-03T14:00:22,0
2025-09-03T14:31:10,0
2025-09-03T15:02:00,0
2025-09-03T15:32:45,0
2025-09-03T16:03:36,0
2025-09-03T16:34:21,0
2025-09-03T17:05:08,0
2025-09-07T11:42:04,0
2025-09-07T12:12:53,0
2025-09-07T12:43:39,0
2025-09-07T13:14:28,0
2025-09-07T13:45:17,0
2025-09-07T14:16:02,0
2025-09-07T14:46:49,1
2025-09-07T15:17:39,0
2025-09-07T15:48:28,1
2025-09-07T16:19:13,0
2025-09-07T16:49:59,1
2025-09-07T17:20:45,1
2025-09-07T17:51:37,1
2025-09-21T08:53:26,1
